time_s,LAP,LVP,LV_Volume,RAP,RVP,RV_Volume,Qao_valve
0,8.5293512835383,19.7245313898457,147.361467603707,3.88643847674175,7.18141496247168,148.871997769904,1.14456136112028e-05
0.00999999999999091,10.8055110510296,27.7648327358938,147.363035400334,4.36422185487721,9.21262694314968,148.902343982933,8.62909535055164e-06
0.0199999999999818,12.3746460934033,54.1226380780283,147.363533223948,4.87595450449307,16.9799444316256,148.91168284587,6.50566139119273e-06
0.0299999999999727,13.1221226634545,98.7254295377259,147.363691279259,5.38730622343805,25.6395882114267,146.97098327477,4.90475865864086e-06
0.0399999999999636,13.472709226722,130.090464653986,145.938933757438,5.89051477940092,29.1891590050363,139.454068372326,463.560735479639
0.0499999999999545,13.6581463061746,134.56379248842,138.526987867032,6.38058672469883,32.4784199175934,128.113443935231,975.965935574125
0.0599999999999454,13.791198666687,146.309681221587,127.347645460481,6.85808730650336,36.042952139639,115.742855217993,1138.57030063972
0.0699999999999363,13.9285144221111,151.768197560743,114.858612485754,7.32288698074891,38.3314165045064,103.151505921402,1239.14727998037
0.0799999999999272,14.1031877351839,164.680712849405,102.391609718022,7.77439130344022,39.49083464322,90.6534721398834,1188.99155270543
0.0899999999999181,14.3338023867062,164.884857343795,90.2482327426975,8.21195722819551,37.9436394604317,78.7328524515175,1159.735103927
0.0999999999999091,14.6291592075373,169.939173589579,79.5784653792254,8.6360582189977,35.6494777804672,68.1039984202173,1014.47964423264
0.1099999999999,14.9870194955735,172.301108425394,70.4415945439928,9.04679189206873,32.0661031728944,59.4361215545083,812.387238812776
0.119999999999891,15.3983681124406,168.86721277353,63.3647469114913,9.44485131096695,28.4273024629285,53.341570161763,612.47628859543
0.129999999999882,15.8474605597389,159.023821343931,58.0293586044508,9.83027362580127,24.3202660725788,49.4946487195029,461.759104734146
0.1400000000001,16.315103836306,146.603388026036,54.006894103566,10.2031524401692,20.4173032828853,47.1120255361974,348.130164016395
0.150000000000091,16.7815490977069,133.851988623781,50.9742712225188,10.5640025269072,17.0731739940607,45.6363278099372,262.462850987766
0.160000000000082,17.2294582401357,121.893714765001,48.6879113214614,10.9136178586033,14.2867221561459,44.7223420009392,197.876413103295
0.170000000000073,17.6464185531359,111.13410362647,46.9641752019006,11.2529346607422,11.9475064164404,44.1562571965196,149.183302380766
0.180000000000064,18.0259143956319,101.608345028678,45.6646133050701,11.5226657924081,10.3546609407477,43.9091814842741,112.472514334558
0.190000000000055,18.3666758664003,93.2765127672659,44.6848455178067,11.479540738737,10.4184363286489,44.3153033107439,84.7954581971245
0.200000000000045,18.6710413187231,85.6356077154444,43.9461774179655,11.3483969804596,10.7851953670347,45.0210023476573,63.9291276931207
0.210000000000036,18.9431199629088,78.2007742672487,43.3892795807273,11.3336486615817,10.6687966368289,45.6639806275064,48.1975503700023
0.220000000000027,19.1873506278849,70.7663307242373,42.9694222710815,11.3555236109014,10.4013129095372,46.3208947802359,36.3371743913047
0.230000000000018,19.4076363316867,63.2106734890767,42.6528827755481,11.3048797505137,10.1993414403163,47.1513194712478,27.3953807321686
0.240000000000009,19.607006854163,55.4244637899205,42.4142368119538,11.1820694776598,9.92803244717773,48.1645759601424,20.6539693312001
0.25,19.7876733843859,47.3907560256511,42.2343164647507,10.998091665205,9.49725529353224,49.3543910974256,15.5714736474986
0.259999999999991,19.9512756188165,39.1990247383663,42.0986706283406,10.7290040557214,8.90097163792093,50.7753201861564,11.7396703590754
0.269999999999982,20.0991472623015,31.016226971491,41.9964043020387,10.3470703726345,8.11642555116686,52.5028428315042,8.85079108501034
0.279999999999973,20.2325101789803,23.0750981280561,41.9193035094743,9.83354707977687,7.10834513455271,54.6153010035662,6.67280259449024
0.289999999999964,20.3974435582717,16.5895128877521,41.9666756370553,9.17627466491804,5.86402737862102,57.2006335074196,5.03077002240457
0.299999999999955,18.6881689203892,12.3047906214629,44.1622370952138,8.38456878406622,4.4704731085869,60.3298745596267,3.79280619498948
0.309999999999945,16.7870652039046,7.41676441542551,48.3786538756302,7.48150817565638,2.94984434911252,64.0644389835586,2.85947852290707
0.319999999999936,14.6805475330753,2.31778783483989,54.5606184816045,6.52525477495458,1.67705893663516,68.3881636861826,2.1558226291047
0.329999999999927,12.5354165173089,0.251080311112145,62.5878105040461,5.63782925244923,1.17193804484902,73.0457466771182,1.62532125033587
0.339999999999918,11.3311392822356,0.719084329754217,70.6389557739357,4.96876068664176,1.29882253009245,77.4831978458584,1.2253648009486
0.349999999999909,10.9610881118954,1.12463111243921,77.7368467870793,4.54218472831673,1.48835145444895,81.347690232508,0.923828993864143
0.3599999999999,10.706462489567,1.59033078253834,84.3017302203698,4.30259639029516,1.66467938980771,84.6080017837197,0.696494635102412
0.369999999999891,10.5226013521213,2.12040163211846,90.3827903115563,4.1801761602516,1.82839660942745,87.4067522778306,0.525102351136839
0.379999999999882,10.4055369747905,2.71376604729669,95.9885839822746,4.12945598608113,1.9814781823787,89.8740689776733,0.395886005825289
0.3900000000001,10.3535356722122,3.36465046397144,101.122147942742,4.12303861646737,2.12594850941549,92.1041246371236,0.298467011753027
0.400000000000091,10.3631440380928,4.06309499151386,105.78852623792,4.14459368209175,2.26344703904276,94.1605975868055,0.225020727669003
0.410000000000082,10.429211479471,4.79574369678932,109.9969836869,4.18427267717062,2.39519599977061,96.0860341360906,0.16964798750552
0.420000000000073,10.5450456839409,5.54704693533527,113.762173454649,4.23600769190633,2.5220942214154,97.9092625378157,0.127901282529883
0.430000000000064,10.702659726989,6.30074717606761,117.104561969868,4.29596164161277,2.64482238777775,99.6503454126076,0.0964275398330722
0.440000000000055,10.893213525506,7.04138779728874,120.050056957466,4.36164096755426,2.76392464745842,101.323691662167,0.0726988053156249
0.450000000000045,11.1076105789695,7.75557116471107,122.628947804875,4.43138352892903,2.87986220564174,102.939973595478,0.0548091997728896
0.460000000000036,11.3371314276334,8.4327770182428,124.874411498255,4.50405862121008,2.99304418800114,104.507311072286,0.0413218397015236
0.470000000000027,11.5739733923919,9.06568487525294,126.820885621917,4.57888724025008,3.10384294027711,106.032016765584,0.0311534275886837
0.480000000000018,11.8116060996927,9.65006460348459,128.502567876733,4.65533085853782,3.2126000871048,107.519080522326,0.0234872420379572
0.490000000000009,12.0449161767654,10.1843686328321,129.952207108095,4.73301965591757,3.31962800631826,108.972497522904,0.0177075391457077
0.5,12.2701708262016,10.669172332694,131.200249671382,4.81170398674214,3.42520967725396,110.395500692199,0.013350096281634
0.509999999999991,12.4848598388885,11.106583918246,132.274328340376,4.89122009557568,3.52959849691638,111.790731907347,0.0100649259765776
0.519999999999982,12.6874783541848,11.499704980511,133.199038221993,4.97146509746399,3.63301873288874,113.160371820449,0.00758816511708235
0.529999999999973,12.8772989661891,11.8521839872708,133.995929366434,5.05237839917518,3.73566674598262,114.506239989082,0.00572088160192161
0.539999999999964,13.0541633416006,12.1678756485016,134.683648169346,5.13392787024433,3.83771285626602,115.829872632541,0.00431309622263323
0.549999999999955,13.2183076255357,12.4506003389063,135.278170147439,5.21609965479072,3.93930363481581,117.132582990953,0.00325173641409472
0.559999999999945,13.3702250588084,12.7039881463135,135.79307956541,5.29889081843345,4.04056440163761,118.415507970689,0.00245155432685759
0.569999999999936,13.5105630917986,12.9313889150916,136.239863775114,5.38230419623981,4.14160174859588,119.679643976619,0.0018482797656917
0.579999999999927,13.6400495461551,13.1358303531291,136.628200710229,5.46634492183486,4.24250595691147,120.925874287669,0.00139345804204314
0.589999999999918,13.7594417277519,13.3200089137098,136.966226352212,5.55101820851305,4.34335322717472,122.154989901408,0.00105055811948903
0.599999999999909,13.8694928415123,13.4863014425996,137.260775197194,5.63632803336663,4.44420767937744,123.367705405447,0.000792038460523779
0.6099999999999,13.9709309635553,13.6367887415074,137.517591088306,5.72227644821101,4.54512310943885,124.56467111274,0.00059713490506741
0.619999999999891,14.064446826829,13.7732848855264,137.741508602577,5.80886330584708,4.64614450789086,125.746482421923,0.000450192904286571
0.629999999999882,14.1506875947728,13.8973682380031,137.936606868403,5.89608624565641,4.74730935770708,126.913687133018,0.000339410155644976
0.6400000000001,14.2302545642961,14.0104116608879,138.10633856876,5.9839408279572,4.84864873385432,128.066791261978,0.00025588864830623
0.650000000000091,14.3037033429959,14.11361051076,138.25363722362,6.07242074213055,4.95018822893319,129.206263751285,0.00019291997968523
0.660000000000082,14.3959797456071,14.2080077436025,138.381005844636,6.17074054046102,5.05194872875899,130.332540362741,0.000145446540157614
0.670000000000073,16.2832258428564,14.3441493535314,138.592818055439,7.13584761235793,5.16286671273463,131.528338363328,0.000109655288572685
0.680000000000064,19.1326947581934,14.9931958227734,139.829447070547,8.86700431687206,5.35692194525068,133.402515236298,8.26714908373112e-05
0.690000000000055,21.3049366472637,16.4218017744816,142.439233736954,10.2359065225293,5.70431540320495,136.509597969439,6.23278228184437e-05
0.700000000000045,20.7977898236486,18.251431423245,145.465475945171,10.354965875848,6.18331010505102,140.583886300671,4.69902920334667e-05
0.710000000000036,18.2497049253367,19.3913332572015,147.137844715665,9.15593177275178,6.6620942306397,144.585338408008,3.54269962520987e-05
0.720000000000027,14.9878209215613,19.572043412511,147.292022425346,7.36972256448332,6.99115773219754,147.357741047635,2.67091777712799e-05
0.730000000000018,11.0993659954786,19.6516905761288,147.34098273057,5.64208332754132,7.12545684155995,148.452964778203,2.01366260955745e-05
0.740000000000009,8.10149876699199,19.693930178395,147.356530389388,4.27638651977644,7.16696254041072,148.773389122101,1.51814374064703e-05
0.75,8.52935128342913,19.724531389922,147.361467603822,3.88643847671449,7.18141496245985,148.871997769795,1.14456136113699e-05
0.759999999999991,10.8055110510348,27.764832734716,147.363035400449,4.36422185483725,9.21262694281781,148.902343982826,8.62909535067765e-06
0.769999999999982,12.3746460934397,54.1226380756076,147.363533224063,4.87595450445154,16.9799444309486,148.911682845763,6.50566139128774e-06
0.779999999999973,13.1221226635048,98.7254295342027,147.363691279374,5.38730622339559,25.6395882110759,146.970983275016,4.90475865871249e-06
0.789999999999964,13.4727092267775,130.0904646536,145.938933757754,5.89051477935802,29.1891590048703,139.454068372985,463.560735429601
0.799999999999955,13.6581463062314,134.563792487933,138.526987867749,6.38058672465573,32.4784199173464,128.113443936046,975.965935554301
0.809999999999945,13.7911986667428,146.309681221125,127.347645461336,6.85808730646006,36.0429521394535,115.742855218844,1138.57030063014
0.819999999999936,13.9285144221641,151.76819756008,114.858612486648,7.32288698070556,38.3314165044126,103.151505922266,1239.14727997956
0.829999999999927,14.1031877352328,164.680712848922,102.391609718899,7.77439130339693,39.4908346432356,90.6534721407346,1188.99155270852
0.839999999999918,14.3338023867503,164.884857343416,90.2482327435111,8.21195722815239,37.9436394606253,78.7328524523105,1159.73510393467
0.849999999999909,14.6291592075765,169.939173589212,79.5784653799465,8.63605821895482,35.6494777807302,68.103998420901,1014.47964424588
0.8599999999999,14.9870194956082,172.301108425731,70.4415945445896,9.04679189202611,32.0661031732087,59.436121555029,812.387238824625
0.869999999999891,15.3983681124717,168.867212774525,63.3647469119849,9.44485131092464,28.4273024632371,53.34157016209,612.476288604363
0.879999999999882,15.8474605597677,159.023821345309,58.0293586048665,9.83027362575931,24.3202660729034,49.4946487196888,461.759104740881
0.8900000000001,16.3151038363339,146.603388027611,54.0068941039231,10.2031524401276,20.4173032831764,47.1120255362959,348.130164021473
0.900000000000091,16.7815490977352,133.851988625436,50.9742712228317,10.564002526866,17.0731739943105,45.6363278099815,262.462850991594
0.910000000000082,17.2294582401655,121.893714766671,48.6879113217409,10.9136178585625,14.2867221563599,44.72234200095,197.876413106181
0.920000000000073,17.6464185531679,111.134103628122,46.964175202155,11.2529346607016,11.9475064166263,44.1562571965097,149.183302382942
0.930000000000064,18.0259143956665,101.608345030273,45.6646133053056,11.5226657923978,10.3546609407607,43.9091814842012,112.472514336198
0.940000000000055,18.3666758664374,93.2765127688133,44.6848455180278,11.4795407387356,10.4184363286111,44.3153033106422,84.7954581983612
0.950000000000045,18.6710413187625,85.6356077169547,43.9461774181759,11.3483969804512,10.7851953670197,45.021002347555,63.9291276940532
0.960000000000036,18.9431199629501,78.2007742687182,43.3892795809295,11.3336486615667,10.6687966368315,45.6639806274073,48.1975503707053
0.970000000000027,19.187350627928,70.7663307256542,42.9694222712776,11.3555236108881,10.4013129095348,46.320894780129,36.3371743918347
0.980000000000018,19.4076363317313,63.2106734904316,42.6528827757395,11.3048797505043,10.1993414403136,47.15131947113,27.3953807325682
0.990000000000009,19.6070068542088,55.4244637912028,42.4142368121418,11.1820694776534,9.92803244718371,48.164575960015,20.6539693315013
1,19.7876733844329,47.3907560268467,42.2343164649361,10.9980916652028,9.49725529354836,49.3543910972862,15.5714736477257
1.00999999999999,19.9512756188645,39.1990247394598,42.098670628524,10.7290040557257,8.90097163794848,50.7753201860002,11.7396703592466
1.01999999999998,20.0991472623505,31.016226972467,41.9964043022206,10.347070372647,8.11642555120894,52.5028428313258,8.85079108513943
1.02999999999997,20.2325101790302,23.0750981288996,41.919303509655,9.8335470797992,7.10834513461193,54.6153010033598,6.67280259458756
1.03999999999996,20.3974435583076,16.5895128882001,41.9666756371507,9.17627466495119,5.86402737869586,57.2006335071782,5.03077002247795
1.04999999999995,18.6881689206597,12.3047906218411,44.162237095049,8.38456878410798,4.47047310867336,60.3298745593484,3.7928061950448
1.05999999999995,16.7870652040918,7.41676441582482,48.3786538753735,7.48150817570643,2.94984434920512,64.0644389832365,2.85947852294878
1.06999999999994,14.680547533281,2.31778783516719,54.5606184812135,6.52525477500788,1.6770589366952,68.3881636858207,2.15582262913614
1.07999999999993,12.5354165174768,0.25108031108727,62.5878105035928,5.63782925249481,1.1719380448401,73.0457466767454,1.62532125035958
1.08999999999992,11.3311392823063,0.71908432974031,70.6389557735742,4.96876068667096,1.29882253007566,77.4831978455155,1.22536480096647
1.09999999999991,10.9610881119546,1.12463111242376,77.7368467867745,4.54218472833127,1.48835145443352,81.3476902322068,0.923828993877617
1.1099999999999,10.7064624896204,1.59033078252176,84.3017302201151,4.30259639030043,1.66467938979349,84.6080017834512,0.696494635112571
1.11999999999989,10.5226013521701,2.12040163210148,90.3827903113483,4.18017616025128,1.82839660941417,87.4067522775849,0.525102351144498
1.12999999999988,10.4055369748355,2.7137660472803,95.9885839821105,4.12945598607741,1.98147818236612,89.8740689774433,0.395886005831064
1.1400000000001,10.3535356722541,3.36465046395676,101.122147942619,4.12303861646155,2.1259485094034,92.1041246369041,0.29846701175738
1.15000000000009,10.3631440381323,4.06309499150207,105.788526237834,4.14459368208459,2.263447039031,94.1605975865934,0.225020727672285
1.16000000000008,10.4292114795089,4.79574369678152,109.996983686848,4.18427267716256,2.39519599975907,96.0860341358839,0.169647987507994
1.17000000000007,10.545045683978,5.54704693533237,113.762173454628,4.23600769189765,2.522094221404,97.909262537613,0.127901282531749
1.18000000000006,10.7026597270261,6.3007471760703,117.104561969874,4.29596164160362,2.64482238776641,99.650345412408,0.0964275398344786
1.19000000000005,10.8932135255436,7.04138779729739,120.050056957495,4.36164096754474,2.76392464744711,101.32369166197,0.0726988053166852
1.20000000000005,11.1076105790081,7.75557116472578,122.628947804923,4.4313835289192,2.87986220563041,102.939973595282,0.054809199773689
1.21000000000004,11.3371314276735,8.43277701826342,124.87441149832,4.50405862119998,2.99304418798975,104.507311072092,0.0413218397021263
1.22000000000003,11.5739733924336,9.06568487527909,126.820885621994,4.57888724023975,3.10384294026563,106.032016765392,0.031153427589138
1.23000000000002,11.8116060997362,9.65006460351578,128.502567876821,4.65533085852724,3.2126000870932,107.519080522135,0.0234872420382998
1.24000000000001,12.0449161768106,10.1843686328678,129.952207108192,4.73301965590676,3.31962800630653,108.972497522714,0.017707539145966
1.25,12.2701708262485,10.6691723327336,131.200249671484,4.81170398673111,3.42520967724209,110.39550069201,0.0133500962818287
1.25999999999999,12.484859838937,11.1065839182889,132.274328340483,4.89122009556441,3.52959849690434,111.790731907159,0.0100649259767244
1.26999999999998,12.6874783542346,11.4997049805568,133.199038222104,4.9714650974525,3.63301873287653,113.160371820262,0.00758816511719303
1.27999999999997,12.8772989662402,11.852183987319,133.995929366548,5.05237839916345,3.73566674597023,114.506239988895,0.00572088160200505
1.28999999999996,13.0541633416528,12.1678756485518,134.683648169462,5.13392787023237,3.83771285625343,115.829872632355,0.00431309622269614
1.29999999999995,13.218307625589,12.450600338958,135.278170147556,5.21609965477852,3.93930363480302,117.132582990768,0.00325173641414215
1.30999999999995,13.3702250588626,12.7039881463667,135.793079565529,5.29889081842101,4.04056440162463,118.415507970505,0.00245155432689334
1.31999999999994,13.5105630918535,12.9313889151458,136.239863775234,5.38230419622714,4.1416017485827,119.679643976435,0.00184827976571865
1.32999999999993,13.6400495462107,13.1358303531843,136.628200710348,5.46634492182195,4.24250595689807,120.925874287485,0.00139345804206346
1.33999999999992,13.7594417278081,13.3200089137657,136.966226352332,5.55101820849991,4.34335322716111,122.154989901225,0.00105055811950435
1.34999999999991,13.869492841569,13.4863014426562,137.260775197314,5.63632803335326,4.44420767936362,123.367705405264,0.000792038460535331
1.3599999999999,13.9709309636124,13.6367887415645,137.517591088427,5.72227644819741,4.54512310942483,124.564671112558,0.000597134905076119
1.36999999999989,14.0644468268866,13.773284885584,137.741508602697,5.80886330583325,4.64614450787662,125.746482421741,0.000450192904293137
1.37999999999988,14.1506875948307,13.8973682380611,137.936606868524,5.89608624564234,4.74730935769263,126.913687132837,0.000339410155649926
1.3900000000001,14.2302545643543,14.0104116609461,138.10633856888,5.98394082794291,4.84864873383965,128.066791261797,0.000255888648309963
1.40000000000009,14.3037033430544,14.1136105108185,138.25363722374,6.07242074211603,4.95018822891832,129.206263751104,0.000192919979688044
1.41000000000008,14.3959797456345,14.2080077436613,138.381005844757,6.17074054043448,5.05194872874391,130.332540362561,0.000145446540159736
1.42000000000007,16.2832258427277,14.3441493535771,138.592818055531,7.13584761224462,5.16286671271711,131.528338363129,0.000109655288574284
1.43000000000006,19.1326947580513,14.9931958227675,139.829447070535,8.86700431674482,5.35692194522392,133.402515236026,8.2671490838517e-05
1.44000000000005,21.3049366472448,16.4218017744273,142.439233736857,10.2359065224628,5.70431540316652,136.509597969081,6.23278228193528e-05
1.45000000000005,20.7977898238394,18.2514314231972,145.465475945097,10.3549658758806,6.18331010500625,140.583886300277,4.69902920341521e-05
1.46000000000004,18.2497049255947,19.3913332572389,147.137844715727,9.15593177285349,6.66209423060027,144.585338407662,3.54269962526155e-05
1.47000000000003,14.9878209218725,19.5720434125738,147.292022425444,7.36972256459804,6.99115773217082,147.357741047403,2.67091777716695e-05
1.48000000000002,11.0993659957839,19.6516905762011,147.340982730679,5.64208332764351,7.12545684154446,148.452964778064,2.01366260958682e-05
1.49000000000001,8.10149876715557,19.6939301784702,147.356530389502,4.27638651983718,7.16696254039796,148.773389121985,1.51814374066917e-05
1.5,8.52935128331996,19.7245313899983,147.361467603937,3.88643847668724,7.18141496244801,148.871997769686,1.14456136115369e-05
1.50999999999999,10.8055110510399,27.7648327335383,147.363035400564,4.36422185479731,9.21262694248595,148.902343982719,8.62909535080351e-06
1.51999999999998,12.3746460934761,54.1226380731868,147.363533224178,4.87595450441003,16.9799444302716,148.911682845657,6.50566139138263e-06
1.52999999999997,13.1221226635552,98.7254295306795,147.36369127949,5.38730622335315,25.6395882107251,146.970983275262,4.90475865878403e-06
1.53999999999996,13.4727092268331,130.090464653214,145.938933758069,5.89051477931514,29.1891590047044,139.454068373645,463.560735379565
1.54999999999995,13.6581463062883,134.563792487446,138.526987868466,6.38058672461264,32.4784199170994,128.11344393686,975.965935534477
1.55999999999995,13.7911986667985,146.309681220663,127.347645462191,6.85808730641678,36.0429521392679,115.742855219695,1138.57030062056
1.56999999999994,13.928514422217,151.768197559417,114.858612487541,7.32288698066222,38.3314165043188,103.151505923131,1239.14727997875
1.57999999999993,14.1031877352816,164.680712848439,102.391609719775,7.77439130335368,39.4908346432511,90.653472141586,1188.99155271161
1.58999999999992,14.3338023867944,164.884857343037,90.2482327443247,8.2119572281093,37.9436394608189,78.7328524531037,1159.73510394234
1.59999999999991,14.6291592076156,169.939173588845,79.5784653806674,8.63605821891196,35.6494777809932,68.1039984215847,1014.47964425911
1.6099999999999,14.9870194956428,172.301108426068,70.4415945451863,9.04679189198351,32.0661031735229,59.4361215555497,812.387238836477
1.61999999999989,15.3983681125028,168.86721277552,63.3647469124783,9.44485131088235,28.4273024635457,53.3415701624171,612.476288613298
1.62999999999988,15.8474605597964,159.023821346687,58.0293586052822,9.83027362571739,24.3202660732281,49.4946487198747,461.759104747617
1.6400000000001,16.3151038363617,146.603388029184,54.0068941042801,10.2031524400861,20.4173032834676,47.1120255363944,348.130164026552
1.65000000000009,16.7815490977634,133.851988627089,50.9742712231444,10.5640025268248,17.0731739945603,45.6363278100259,262.462850995423
1.66000000000008,17.2294582401952,121.89371476834,48.6879113220202,10.9136178585217,14.2867221565739,44.7223420009609,197.876413109068
1.67000000000007,17.6464185531999,111.134103629772,46.9641752024092,11.2529346606611,11.9475064168122,44.1562571964998,149.183302385119
1.68000000000006,18.025914395701,101.608345031867,45.6646133055408,11.5226657923876,10.3546609407737,43.9091814841284,112.472514337839
1.69000000000005,18.3666758664744,93.2765127703595,44.6848455182488,11.4795407387343,10.4184363285734,44.3153033105407,84.7954581995983
1.70000000000005,18.6710413188018,85.635607718464,43.9461774183861,11.3483969804429,10.7851953670048,45.0210023474529,63.9291276949858
1.71000000000004,18.9431199629915,78.2007742701867,43.3892795811316,11.3336486615518,10.6687966368342,45.6639806273083,48.1975503714085
1.72000000000003,19.187350627971,70.7663307270702,42.9694222714735,11.3555236108749,10.4013129095325,46.3208947800222,36.3371743923648
1.73000000000002,19.4076363317758,63.2106734917856,42.6528827759309,11.3048797504951,10.1993414403109,47.1513194710122,27.3953807329679
1.74000000000001,19.6070068542546,55.4244637924843,42.4142368123296,11.182069477647,9.92803244718974,48.1645759598877,20.6539693318026
1.75,19.7876733844798,47.3907560280418,42.2343164651213,10.9980916652006,9.49725529356454,49.3543910971469,15.5714736479528
1.75999999999999,19.9512756189125,39.1990247405529,42.0986706287072,10.72900405573,8.90097163797608,50.775320185844,11.7396703594179
1.76999999999998,20.0991472623995,31.0162269734426,41.9964043024023,10.3470703726596,8.11642555125104,52.5028428311476,8.85079108526855
1.77999999999997,20.2325101790801,23.0750981297429,41.9193035098357,9.83354707982157,7.10834513467119,54.6153010031534,6.67280259468491
1.78999999999996,20.3974435583435,16.5895128886479,41.9666756372459,9.17627466498437,5.86402737877073,57.2006335069368,5.03077002255134
1.79999999999995,18.68816892093,12.3047906222192,44.1622370948842,8.38456878414979,4.47047310875985,60.3298745590702,3.79280619510014
1.80999999999995,16.787065204279,7.41676441622411,48.3786538751167,7.48150817575652,2.94984434929774,64.0644389829144,2.8594785229905
1.81999999999994,14.6805475334866,2.31778783549448,54.5606184808225,6.5252547750612,1.67705893675525,68.3881636854589,2.1558226291676
1.82999999999993,12.5354165176446,0.251080311062381,62.5878105031396,5.63782925254042,1.1719380448312,73.0457466763728,1.62532125038329
1.83999999999992,11.331139282377,0.719084329726376,70.6389557732126,4.96876068670019,1.2988225300589,77.4831978451728,1.22536480098435
1.84999999999991,10.9610881120138,1.12463111240829,77.7368467864696,4.54218472834584,1.4883514544181,81.3476902319058,0.923828993891095
1.8599999999999,10.7064624896738,1.59033078250514,84.3017302198603,4.30259639030573,1.66467938977929,84.6080017831828,0.696494635122732
1.86999999999989,10.5226013522189,2.12040163208447,90.3827903111402,4.18017616025097,1.82839660940091,87.4067522773395,0.525102351152159
1.87999999999988,10.4055369748804,2.71376604726388,95.9885839819462,4.12945598607372,1.98147818235355,89.8740689772134,0.395886005836839
1.8900000000001,10.3535356722959,3.36465046394205,101.122147942496,4.12303861645575,2.12594850939132,92.1041246366849,0.298467011761735
1.90000000000009,10.3631440381717,4.06309499149025,105.788526237749,4.14459368207745,2.26344703901926,94.1605975863816,0.225020727675567
1.91000000000008,10.4292114795467,4.79574369677367,109.996983686797,4.18427267715453,2.39519599974754,96.0860341356774,0.169647987510469
1.92000000000007,10.5450456840151,5.54704693532942,113.762173454607,4.23600769188898,2.52209422139261,97.9092625374105,0.127901282533615
1.93000000000006,10.7026597270631,6.30074717607292,117.104561969879,4.29596164159448,2.6448223877551,99.6503454122085,0.0964275398358854
1.94000000000005,10.8932135255812,7.04138779730598,120.050056957524,4.36164096753524,2.76392464743581,101.323691661773,0.0726988053177458
1.95000000000005,11.1076105790468,7.75557116474043,122.628947804971,4.4313835289094,2.87986220561909,102.939973595087,0.0548091997744887
1.96000000000004,11.3371314277135,8.43277701828397,124.874411498384,4.50405862118991,2.99304418797837,104.507311071899,0.0413218397027292
1.97000000000003,11.5739733924752,9.06568487530518,126.820885622072,4.57888724022942,3.10384294025417,106.0320167652,0.0311534275895925
1.98000000000002,11.8116060997796,9.65006460354693,128.502567876909,4.65533085851667,3.21260008708163,107.519080521944,0.0234872420386425
1.99000000000001,12.0449161768558,10.1843686329035,129.952207108288,4.73301965589596,3.31962800629482,108.972497522524,0.0177075391462243
2,12.2701708262953,10.6691723327731,131.200249671587,4.81170398672008,3.42520967723023,110.395500691821,0.0133500962820235
2.00999999999999,12.4848598389853,11.1065839183318,132.274328340591,4.89122009555315,3.52959849689231,111.790731906971,0.0100649259768712
2.01999999999998,12.6874783542844,11.4997049806025,133.199038222216,4.97146509744101,3.63301873286433,113.160371820074,0.00758816511730374
2.02999999999997,12.8772989662913,11.8521839873671,133.995929366662,5.05237839915173,3.73566674595784,114.506239988708,0.00572088160208851
2.03999999999996,13.054163341705,12.1678756486019,134.683648169578,5.13392787022042,3.83771285624085,115.82987263217,0.00431309622275906
2.04999999999995,13.2183076256422,12.4506003390098,135.278170147674,5.21609965476634,3.93930363479025,117.132582990583,0.00325173641418959
2.05999999999995,13.3702250589167,12.7039881464198,135.793079565647,5.2988908184086,4.04056440161166,118.41550797032,0.00245155432692911
2.06999999999994,13.5105630919084,12.9313889152,136.239863775353,5.3823041962145,4.14160174856952,119.679643976251,0.00184827976574562
2.07999999999993,13.6400495462662,13.1358303532395,136.628200710468,5.46634492180907,4.24250595688469,120.925874287302,0.00139345804208379
2.08999999999992,13.7594417278642,13.3200089138216,136.966226352452,5.55101820848679,4.34335322714752,122.154989901042,0.00105055811951968
2.09999999999991,13.8694928416256,13.4863014427128,137.260775197434,5.63632803333991,4.44420767934983,123.367705405082,0.000792038460546887
2.1099999999999,13.9709309636695,13.6367887416216,137.517591088547,5.72227644818383,4.54512310941082,124.564671112376,0.000597134905084831
2.11999999999989,14.0644468269441,13.7732848856415,137.741508602817,5.80886330581943,4.64614450786241,125.74648242156,0.000450192904299705
2.12999999999988,14.1506875948886,13.897368238119,137.936606868644,5.8960862456283,4.7473093576782,126.913687132655,0.000339410155654878
2.1400000000001,14.2302545644125,14.0104116610044,138.106338569,5.98394082792864,4.84864873382502,128.066791261616,0.000255888648313696
2.15000000000009,14.3037033431128,14.113610510877,138.25363722386,6.07242074210153,4.95018822890347,129.206263750924,0.000192919979690859
2.16000000000008,14.3959797456619,14.20800774372,138.381005844876,6.17074054040796,5.05194872872884,130.332540362381,0.000145446540161858
2.17000000000007,16.2832258425991,14.3441493536227,138.592818055623,7.13584761213134,5.1628667126996,131.52833836293,0.000109655288575884
2.18000000000006,19.1326947579092,14.9931958227615,139.829447070522,8.86700431661761,5.35692194519718,133.402515235754,8.26714908397231e-05
2.19000000000005,21.304936647226,16.421801774373,142.43923373676,10.2359065223964,5.70431540312813,136.509597968724,6.23278228202621e-05
2.20000000000005,20.7977898240302,18.2514314231493,145.465475945022,10.3549658759131,6.18331010496152,140.583886299883,4.69902920348376e-05
2.21000000000004,18.2497049258526,19.3913332572762,147.137844715789,9.15593177295521,6.66209423056086,144.585338407316,3.54269962531323e-05
2.22000000000003,14.9878209221837,19.5720434126367,147.292022425543,7.36972256471279,6.99115773214412,147.35774104717,2.67091777720591e-05
2.23000000000002,11.0993659960891,19.6516905762734,147.340982730789,5.64208332774571,7.125456841529,148.452964777926,2.0136626096162e-05
2.24000000000001,8.1014987673191,19.6939301785454,147.356530389615,4.27638651989794,7.16696254038523,148.773389121869,1.51814374069132e-05
2.25,8.52935128321074,19.7245313900745,147.361467604051,3.88643847666001,7.18141496243621,148.871997769578,1.14456136117038e-05
2.25999999999999,10.805511051045,27.7648327323606,147.363035400679,4.36422185475738,9.21262694215412,148.902343982613,8.6290953509294e-06
2.26999999999998,12.3746460935123,54.122638070766,147.363533224293,4.87595450436854,16.9799444295947,148.911682845552,6.50566139147754e-06
2.27999999999997,13.1221226636055,98.7254295271563,147.363691279605,5.38730622331074,25.6395882103744,146.970983275509,4.90475865885559e-06
2.28999999999996,13.4727092268887,130.090464652829,145.938933758385,5.89051477927229,29.1891590045385,139.454068374304,463.560735329528
2.29999999999995,13.6581463063451,134.563792486959,138.526987869182,6.38058672456959,32.4784199168524,128.113443937674,975.965935514654
2.30999999999995,13.7911986668542,146.309681220201,127.347645463047,6.85808730637353,36.0429521390824,115.742855220546,1138.57030061099
2.31999999999994,13.9285144222699,151.768197558754,114.858612488435,7.32288698061891,38.331416504225,103.151505923996,1239.14727997794
2.32999999999993,14.1031877353305,164.680712847956,102.391609720651,7.77439130331045,39.4908346432668,90.6534721424373,1188.9915527147
2.33999999999992,14.3338023868384,164.884857342658,90.2482327451382,8.21195722806623,37.9436394610125,78.7328524538969,1159.73510395001
2.34999999999991,14.6291592076547,169.939173588479,79.5784653813884,8.63605821886913,35.6494777812563,68.1039984222684,1014.47964427234
2.3599999999999,14.9870194956774,172.301108426404,70.441594545783,9.04679189194094,32.0661031738372,59.4361215560705,812.387238848332
2.36999999999989,15.3983681125338,168.867212776514,63.3647469129718,9.44485131084008,28.4273024638543,53.3415701627441,612.476288622236
2.37999999999988,15.8474605598251,159.023821348064,58.0293586056978,9.83027362567547,24.3202660735528,49.4946487200607,461.759104754356
2.3900000000001,16.3151038363894,146.603388030757,54.006894104637,10.2031524400446,20.4173032837587,47.112025536493,348.130164031632
2.40000000000009,16.7815490977916,133.851988628743,50.974271223457,10.5640025267837,17.07317399481,45.6363278100703,262.462850999253
2.41000000000008,17.2294582402249,121.893714770009,48.6879113222995,10.9136178584809,14.2867221567878,44.7223420009718,197.876413111956
2.42000000000007,17.6464185532319,111.134103631422,46.9641752026633,11.2529346606206,11.9475064169981,44.1562571964899,149.183302387296
2.43000000000006,18.0259143957355,101.608345033459,45.664613305776,11.5226657923774,10.3546609407868,43.9091814840555,112.47251433948
2.44000000000005,18.3666758665115,93.2765127719047,44.6848455184697,11.4795407387329,10.4184363285358,44.3153033104391,84.7954582008357
2.45000000000005,18.6710413188412,85.6356077199723,43.9461774185961,11.3483969804346,10.7851953669899,45.0210023473507,63.9291276959187
2.46000000000004,18.9431199630328,78.2007742716542,43.3892795813335,11.3336486615368,10.6687966368367,45.6639806272093,48.1975503721118
2.47000000000003,19.1873506280141,70.7663307284852,42.9694222716693,11.3555236108617,10.4013129095301,46.3208947799153,36.3371743928951
2.48000000000002,19.4076363318203,63.2106734931388,42.6528827761221,11.3048797504857,10.1993414403082,47.1513194708944,27.3953807333676
2.49000000000001,19.6070068543004,55.4244637937652,42.4142368125173,11.1820694776406,9.92803244719574,48.1645759597604,20.6539693321041
2.5,19.7876733845268,47.3907560292362,42.2343164653064,10.9980916651984,9.49725529358068,49.3543910970076,15.5714736481801
2.50999999999999,19.9512756189605,39.1990247416453,42.0986706288903,10.7290040557342,8.90097163800368,50.7753201856878,11.7396703595892
2.51999999999998,20.0991472624485,31.0162269744177,41.9964043025839,10.3470703726722,8.11642555129312,52.5028428309693,8.85079108539771
2.52999999999997,20.23251017913,23.0750981305858,41.9193035100161,9.83354707984393,7.10834513473042,54.615301002947,6.67280259478229
2.53999999999996,20.3974435583795,16.5895128890956,41.9666756373411,9.17627466501755,5.8640273788456,57.2006335066953,5.03077002262475
2.54999999999995,18.6881689212004,12.3047906225973,44.1622370947193,8.38456878419158,4.47047310884632,60.3298745587919,3.79280619515549
2.55999999999995,16.7870652044661,7.41676441662336,48.37865387486,7.48150817580661,2.94984434939036,64.0644389825922,2.85947852303223
2.56999999999994,14.6805475336922,2.31778783582175,54.5606184804314,6.52525477511452,1.6770589368153,68.3881636850969,2.15582262919906
2.57999999999993,12.5354165178124,0.251080311037455,62.5878105026863,5.63782925258603,1.17193804482232,73.0457466760001,1.62532125040701
2.58999999999992,11.3311392824477,0.719084329712384,70.638955772851,4.96876068672941,1.29882253004215,77.4831978448299,1.22536480100223
2.59999999999991,10.9610881120729,1.12463111239276,77.7368467861647,4.54218472836041,1.4883514544027,81.3476902316046,0.923828993904577
2.6099999999999,10.7064624897272,1.59033078248849,84.3017302196056,4.30259639031104,1.66467938976509,84.6080017829143,0.696494635132896
2.61999999999989,10.5226013522678,2.12040163206743,90.3827903109322,4.18017616025068,1.82839660938766,87.4067522770938,0.525102351159822
2.62999999999988,10.4055369749254,2.71376604724743,95.9885839817821,4.12945598607002,1.98147818234099,89.8740689769833,0.395886005842617
2.6400000000001,10.3535356723377,3.36465046392733,101.122147942373,4.12303861644996,2.12594850937924,92.1041246364654,0.29846701176609
2.65000000000009,10.3631440382111,4.06309499147841,105.788526237663,4.1445936820703,2.26344703900751,94.1605975861696,0.225020727678851
2.66000000000008,10.4292114795846,4.79574369676582,109.996983686745,4.18427267714649,2.39519599973602,96.0860341354707,0.169647987512945
2.67000000000007,10.5450456840522,5.54704693532649,113.762173454586,4.23600769188032,2.52209422138122,97.9092625372078,0.127901282535481
2.68000000000006,10.7026597271001,6.30074717607558,117.104561969885,4.29596164158535,2.64482238774378,99.6503454120089,0.0964275398372926
2.69000000000005,10.8932135256188,7.04138779731461,120.050056957553,4.36164096752574,2.76392464742451,101.323691661576,0.0726988053188067
2.70000000000005,11.1076105790854,7.75557116475513,122.62894780502,4.43138352889959,2.87986220560776,102.939973594892,0.0548091997752885
2.71000000000004,11.3371314277536,8.43277701830456,124.874411498448,4.50405862117984,2.99304418796699,104.507311071705,0.0413218397033322
2.72000000000003,11.5739733925169,9.06568487533131,126.820885622149,4.5788872402191,3.1038429402427,106.032016765008,0.0311534275900472
2.73000000000002,11.811606099823,9.65006460357812,128.502567876997,4.65533085850612,3.21260008707004,107.519080521753,0.0234872420389852
2.74000000000001,12.0449161769009,10.1843686329391,129.952207108384,4.73301965588518,3.3196280062831,108.972497522334,0.0177075391464827
2.75,12.2701708263421,10.6691723328127,131.20024967169,4.81170398670906,3.42520967721836,110.395500691632,0.0133500962822183
2.75999999999999,12.4848598390337,11.1065839183747,132.274328340698,4.89122009554191,3.52959849688028,111.790731906783,0.0100649259770181
2.76999999999998,12.6874783543342,11.4997049806483,133.199038222327,4.97146509742953,3.63301873285212,113.160371819887,0.00758816511741447
2.77999999999997,12.8772989663424,11.8521839874152,133.995929366776,5.05237839914002,3.73566674594546,114.506239988522,0.005720881602172
2.78999999999996,13.0541633417573,12.167875648652,134.683648169694,5.13392787020848,3.83771285622828,115.829872631984,0.00431309622282201
2.79999999999995,13.2183076256954,12.4506003390615,135.278170147791,5.21609965475416,3.93930363477748,117.132582990398,0.00325173641423705
2.80999999999995,13.3702250589708,12.7039881464729,135.793079565766,5.29889081839619,4.04056440159868,118.415507970136,0.00245155432696489
2.81999999999994,13.5105630919633,12.9313889152543,136.239863775472,5.38230419620185,4.14160174855634,119.679643976067,0.00184827976577259
2.82999999999993,13.6400495463218,13.1358303532946,136.628200710588,5.4663449217962,4.24250595687131,120.925874287118,0.00139345804210413
2.83999999999992,13.7594417279204,13.3200089138776,136.966226352572,5.55101820847369,4.34335322713393,122.154989900859,0.00105055811953501
2.84999999999991,13.8694928416823,13.4863014427694,137.260775197554,5.63632803332657,4.44420767933603,123.367705404899,0.000792038460558446
2.8599999999999,13.9709309637267,13.6367887416787,137.517591088667,5.72227644817025,4.54512310939682,124.564671112194,0.000597134905093546
2.86999999999989,14.0644468270016,13.7732848856991,137.741508602937,5.80886330580563,4.64614450784819,125.746482421378,0.000450192904306275
2.87999999999988,14.1506875949465,13.8973682381769,137.936606868764,5.89608624561427,4.74730935766377,126.913687132474,0.000339410155659831
2.8900000000001,14.2302545644707,14.0104116610627,138.106338569121,5.98394082791437,4.84864873381038,128.066791261435,0.00025588864831743
2.90000000000009,14.3037033431713,14.1136105109356,138.253637223981,6.07242074208703,4.95018822888861,129.206263750743,0.000192919979693674
2.91000000000008,14.3959797456894,14.2080077437788,138.381005844997,6.17074054038144,5.05194872871378,130.332540362201,0.00014544654016398
2.92000000000007,16.2832258424704,14.3441493536685,138.592818055716,7.13584761201805,5.1628667126821,131.52833836273,0.000109655288577484
2.93000000000006,19.132694757767,14.9931958227555,139.829447070509,8.86700431649039,5.35692194517044,133.402515235483,8.26714908409296e-05
2.94000000000005,21.3049366472071,16.4218017743187,142.439233736663,10.2359065223299,5.70431540308973,136.509597968366,6.23278228211717e-05
2.95000000000005,20.797789824221,18.2514314231015,145.465475944947,10.3549658759457,6.18331010491678,140.583886299489,4.69902920355234e-05
2.96000000000004,18.2497049261106,19.3913332573136,147.137844715851,9.15593177305693,6.66209423052145,144.58533840697,3.54269962536493e-05
2.97000000000003,14.9878209224949,19.5720434126995,147.292022425641,7.36972256482753,6.99115773211742,147.357741046938,2.67091777724489e-05
2.98000000000002,11.0993659963943,19.6516905763457,147.340982730899,5.64208332784792,7.12545684151354,148.452964777788,2.01366260964559e-05
2.99000000000001,8.10149876748268,19.6939301786206,147.356530389728,4.27638651995871,7.1669625403725,148.773389121754,1.51814374071347e-05
3,8.52935128310158,19.7245313901508,147.361467604166,3.88643847663278,7.18141496242439,148.871997769469,1.14456136118709e-05
3.00999999999999,10.8055110510502,27.7648327311829,147.363035400794,4.36422185471746,9.21262694182228,148.902343982506,8.62909535105534e-06
3.01999999999998,12.3746460935487,54.1226380683453,147.363533224408,4.87595450432706,16.9799444289178,148.911682845446,6.50566139157248e-06
3.02999999999997,13.1221226636558,98.7254295236331,147.36369127972,5.38730622326833,25.6395882100236,146.970983275755,4.90475865892716e-06
3.03999999999996,13.4727092269442,130.090464652443,145.9389337587,5.89051477922944,29.1891590043726,139.454068374964,463.560735279491
3.04999999999995,13.6581463064019,134.563792486471,138.526987869899,6.38058672452653,32.4784199166054,128.113443938489,975.965935494831
3.05999999999995,13.79119866691,146.309681219739,127.347645463902,6.85808730633027,36.0429521388969,115.742855221398,1138.57030060141
3.06999999999994,13.9285144223229,151.768197558091,114.858612489328,7.3228869805756,38.3314165041312,103.151505924861,1239.14727997712
3.07999999999993,14.1031877353793,164.680712847473,102.391609721527,7.77439130326721,39.4908346432824,90.6534721432887,1188.99155271779
3.08999999999992,14.3338023868824,164.884857342279,90.2482327459518,8.21195722802316,37.9436394612062,78.73285245469,1159.73510395768
3.09999999999991,14.6291592076939,169.939173588112,79.5784653821093,8.63605821882629,35.6494777815193,68.1039984229521,1014.47964428557
3.1099999999999,14.9870194957121,172.301108426741,70.4415945463798,9.04679189189836,32.0661031741515,59.4361215565913,812.387238860182
3.11999999999989,15.3983681125649,168.867212777509,63.3647469134653,9.4448513107978,28.427302464163,53.3415701630712,612.476288631171
3.12999999999988,15.8474605598539,159.023821349442,58.0293586061134,9.83027362563356,24.3202660738775,49.4946487202466,461.759104761092
3.1400000000001,16.3151038364173,146.603388032331,54.0068941049939,10.203152440003,20.4173032840498,47.1120255365915,348.13016403671
3.15000000000009,16.7815490978199,133.851988630397,50.9742712237698,10.5640025267425,17.0731739950598,45.6363278101147,262.462851003082
3.16000000000008,17.2294582402547,121.893714771678,48.6879113225789,10.91361785844,14.2867221570018,44.7223420009826,197.876413114842
3.17000000000007,17.6464185532639,111.134103633073,46.9641752029176,11.2529346605801,11.947506417184,44.1562571964799,149.183302389472
3.18000000000006,18.0259143957701,101.608345035053,45.6646133060113,11.5226657923672,10.3546609407999,43.9091814839826,112.472514341121
3.19000000000005,18.3666758665485,93.2765127734512,44.6848455186907,11.4795407387315,10.418436328498,44.3153033103375,84.7954582020727
3.20000000000005,18.6710413188805,85.6356077214817,43.9461774188064,11.3483969804264,10.785195366975,45.0210023472484,63.9291276968513
3.21000000000004,18.9431199630742,78.2007742731229,43.3892795815356,11.3336486615219,10.6687966368394,45.6639806271102,48.1975503728149
3.22000000000003,19.1873506280571,70.7663307299014,42.9694222718653,11.3555236108485,10.4013129095278,46.3208947798085,36.3371743934251
3.23000000000002,19.4076363318648,63.2106734944929,42.6528827763134,11.3048797504764,10.1993414403055,47.1513194707767,27.3953807337673
3.24000000000001,19.6070068543462,55.4244637950468,42.4142368127052,11.1820694776343,9.92803244720175,48.164575959633,20.6539693324053
3.25,19.7876733845738,47.3907560304313,42.2343164654917,10.9980916651963,9.49725529359688,49.3543910968682,15.5714736484072
3.25999999999999,19.9512756190086,39.1990247427385,42.0986706290736,10.7290040557385,8.90097163803128,50.7753201855316,11.7396703597605
3.26999999999998,20.0991472624975,31.0162269753934,41.9964043027657,10.3470703726848,8.11642555133524,52.502842830791,8.85079108552683
3.27999999999997,20.2325101791799,23.0750981314291,41.9193035101968,9.83354707986631,7.10834513478971,54.6153010027406,6.67280259487963
3.28999999999996,20.3974435584154,16.5895128895435,41.9666756374364,9.17627466505074,5.86402737892048,57.2006335064539,5.03077002269814
3.29999999999995,18.6881689214708,12.3047906229755,44.1622370945545,8.38456878423339,4.47047310893281,60.3298745585137,3.79280619521081
3.30999999999995,16.7870652046533,7.41676441702265,48.3786538746032,7.48150817585668,2.94984434948298,64.0644389822701,2.85947852307394
3.31999999999994,14.6805475338978,2.31778783614904,54.5606184800404,6.52525477516784,1.67705893687535,68.3881636847351,2.1558226292305
3.32999999999993,12.5354165179802,0.251080311012562,62.5878105022331,5.63782925263164,1.17193804481342,73.0457466756274,1.62532125043072
3.33999999999992,11.3311392825185,0.719084329698445,70.6389557724895,4.96876068675863,1.29882253002539,77.4831978444871,1.22536480102011
3.34999999999991,10.9610881121321,1.12463111237728,77.7368467858599,4.54218472837497,1.48835145438729,81.3476902313035,0.923828993918053
3.3599999999999,10.7064624897806,1.59033078247188,84.3017302193509,4.30259639031633,1.66467938975089,84.6080017826459,0.696494635143056
3.36999999999989,10.5226013523166,2.12040163205043,90.3827903107242,4.18017616025037,1.8283966093744,87.4067522768483,0.525102351167482
3.37999999999988,10.4055369749704,2.71376604723103,95.988583981618,4.12945598606632,1.98147818232842,89.8740689767533,0.395886005848392
3.3900000000001,10.3535356723795,3.36465046391265,101.122147942249,4.12303861644415,2.12594850936716,92.1041246362461,0.298467011770444
3.40000000000009,10.3631440382506,4.06309499146661,105.788526237578,4.14459368206316,2.26344703899576,94.1605975859577,0.225020727682134
3.41000000000008,10.4292114796225,4.79574369675801,109.996983686694,4.18427267713844,2.39519599972449,96.0860341352641,0.16964798751542
3.42000000000007,10.5450456840893,5.54704693532358,113.762173454566,4.23600769187164,2.52209422136983,97.9092625370052,0.127901282537347
3.43000000000006,10.7026597271371,6.30074717607826,117.104561969891,4.29596164157621,2.64482238773246,99.6503454118093,0.0964275398386992
3.44000000000005,10.8932135256564,7.04138779732327,120.050056957582,4.36164096751624,2.76392464741321,101.323691661379,0.0726988053198672
3.45000000000005,11.1076105791241,7.75557116476984,122.628947805068,4.43138352888978,2.87986220559644,102.939973594697,0.054809199776088
3.46000000000004,11.3371314277937,8.43277701832518,124.874411498513,4.50405862116975,2.99304418795561,104.507311071511,0.041321839703935
3.47000000000003,11.5739733925587,9.06568487535748,126.820885622227,4.57888724020876,3.10384294023122,106.032016764816,0.0311534275905016
3.48000000000002,11.8116060998665,9.65006460360933,128.502567877085,4.65533085849555,3.21260008705846,107.519080521562,0.0234872420393278
3.49000000000001,12.0449161769461,10.1843686329748,129.95220710848,4.73301965587438,3.31962800627138,108.972497522144,0.017707539146741
3.5,12.270170826389,10.6691723328523,131.200249671793,4.81170398669803,3.42520967720649,110.395500691443,0.013350096282413
3.50999999999999,12.4848598390821,11.1065839184177,132.274328340806,4.89122009553064,3.52959849686825,111.790731906595,0.0100649259771649
3.51999999999998,12.6874783543841,11.4997049806941,133.199038222438,4.97146509741804,3.63301873283992,113.1603718197,0.00758816511752516
3.52999999999997,12.8772989663935,11.8521839874634,133.99592936689,5.0523783991283,3.73566674593307,114.506239988335,0.00572088160225545
3.53999999999996,13.0541633418096,12.1678756487021,134.68364816981,5.13392787019652,3.8377128562157,115.829872631798,0.00431309622288492
3.54999999999995,13.2183076257487,12.4506003391133,135.278170147909,5.21609965474197,3.9393036347647,117.132582990212,0.00325173641428448
3.55999999999995,13.370225059025,12.703988146526,135.793079565885,5.29889081838376,4.0405644015857,118.415507969951,0.00245155432700065
3.56999999999994,13.5105630920183,12.9313889153085,136.239863775591,5.38230419618919,4.14160174854316,119.679643975883,0.00184827976579955
3.57999999999993,13.6400495463774,13.1358303533498,136.628200710707,5.4663449217833,4.24250595685792,120.925874286935,0.00139345804212445
3.58999999999992,13.7594417279766,13.3200089139335,136.966226352692,5.55101820846056,4.34335322712034,122.154989900676,0.00105055811955033
3.59999999999991,13.869492841739,13.486301442826,137.260775197674,5.6363280333132,4.44420767932222,123.367705404717,0.000792038460569999
3.6099999999999,13.9709309637839,13.6367887417358,137.517591088787,5.72227644815666,4.5451231093828,124.564671112012,0.000597134905102256
3.61999999999989,14.0644468270592,13.7732848857567,137.741508603058,5.8088633057918,4.64614450783396,125.746482421197,0.000450192904312842
3.62999999999988,14.1506875950044,13.8973682382349,137.936606868884,5.89608624560021,4.74730935764933,126.913687132293,0.000339410155664782
3.6400000000001,14.2302545645289,14.010411661121,138.106338569241,5.98394082790009,4.84864873379572,128.066791261254,0.000255888648321163
3.65000000000009,14.3037033432298,14.1136105109942,138.253637224101,6.07242074207252,4.95018822887375,129.206263750563,0.000192919979696488
3.66000000000008,14.3959797457168,14.2080077438376,138.381005845117,6.17074054035491,5.0519487286987,130.332540362021,0.000145446540166102
3.67000000000007,16.2832258423418,14.3441493537142,138.592818055808,7.13584761190474,5.16286671266458,131.528338362531,0.000109655288579084
3.68000000000006,19.1326947576249,14.9931958227496,139.829447070496,8.86700431636315,5.35692194514369,133.402515235211,8.26714908421355e-05
3.69000000000005,21.3049366471883,16.4218017742644,142.439233736566,10.2359065222635,5.70431540305132,136.509597968008,6.23278228220809e-05
3.70000000000005,20.7977898244118,18.2514314230537,145.465475944873,10.3549658759782,6.18331010487203,140.583886299095,4.69902920362088e-05
3.71000000000004,18.2497049263686,19.3913332573511,147.137844715914,9.15593177315864,6.66209423048203,144.585338406624,3.54269962541661e-05
3.72000000000003,14.9878209228061,19.5720434127624,147.292022425739,7.36972256494226,6.99115773209071,147.357741046705,2.67091777728385e-05
3.73000000000002,11.0993659966996,19.6516905764181,147.340982731009,5.64208332795011,7.12545684149806,148.452964777649,2.01366260967496e-05
3.74000000000001,8.10149876764625,19.6939301786959,147.356530389842,4.27638652001946,7.16696254035975,148.773389121638,1.51814374073562e-05
